City_ID,City,Lat,Lng,Max Temp,Humidity,Cloudiness,Wind Speed,Country,Date
0,hamilton,39.1834,-84.5333,14.89,74,0,4.12,US,1707521885
1,tromso,69.6496,18.957,-3.99,58,40,6.69,NO,1707522513
2,badger,64.8,-147.5333,-3.49,77,100,0.0,US,1707522464
3,adamstown,-25.066,-130.1015,25.29,90,100,10.85,PN,1707522448
4,tobelo,1.7284,128.0095,27.36,80,68,2.54,ID,1707522513
5,port-aux-francais,-49.35,70.2167,7.92,96,76,13.33,TF,1707522448
6,daru,-9.0763,143.2092,28.92,72,55,1.91,PG,1707522461
7,manzini,-26.25,31.5,23.62,98,100,1.61,SZ,1707522514
8,grytviken,-54.2811,-36.5092,4.67,92,87,4.49,GS,1707522446
9,gebeit,21.0667,36.3167,16.2,80,0,0.76,SD,1707522514
10,lebu,-37.6167,-73.65,14.91,88,47,6.56,CL,1707522396
11,san antonio de pale,-1.4014,5.6325,27.99,77,74,1.56,GQ,1707522454
12,pacocha,-17.5833,-71.3333,24.44,83,4,2.7,PE,1707522514
13,invercargill,-46.4,168.35,11.12,91,99,3.58,NZ,1707522515
14,port elizabeth,-33.918,25.5701,19.16,73,0,7.2,ZA,1707522450
15,sant'agnello,40.63,14.3971,16.37,90,0,6.69,IT,1707522515
16,atafu village,-8.5421,-172.5159,29.49,73,88,6.28,TK,1707522458
17,yuzhno-kurilsk,44.0306,145.8556,-7.57,82,100,1.12,RU,1707522515
18,ust-nera,64.5667,143.2,-34.28,100,100,0.19,RU,1707522461
19,kirakira,-10.4544,161.9205,26.97,85,100,8.85,SB,1707521969
20,moranbah,-22.0016,148.0466,28.4,43,0,8.07,AU,1707522516
21,bethel,41.3712,-73.414,7.97,74,34,1.77,US,1707522459
22,mejit,10.2753,170.8646,26.24,80,92,11.09,MH,1707522516
23,afaahiti,-17.75,-149.2833,27.93,80,99,2.91,PF,1707522516
24,bambanglipuro,-7.95,110.2833,26.16,85,20,0.71,ID,1707521943
25,west island,-12.1568,96.8225,27.99,78,59,5.14,CC,1707522449
26,puerto natales,-51.7236,-72.4875,12.75,80,35,2.13,CL,1707522387
27,gadzhiyevo,69.2551,33.3362,-15.14,91,100,2.7,RU,1707522517
28,bandarbeyla,9.4942,50.8122,24.92,76,43,7.32,SO,1707522463
29,albany,42.6001,-73.9662,9.36,67,35,1.75,US,1707522173
30,kapuskasing,49.4169,-82.4331,3.05,93,100,4.63,CA,1707522517
31,olonkinbyen,70.9221,-8.7187,-3.09,62,8,3.48,SJ,1707522517
32,ribeira grande,38.5167,-28.7,13.76,94,100,4.92,PT,1707522444
33,kuching,1.55,110.3333,27.8,95,40,0.45,MY,1707522517
34,north las vegas,36.1989,-115.1175,11.68,62,100,10.73,US,1707522491
35,port douglas,-16.4833,145.4667,30.41,61,73,2.43,AU,1707521937
36,laojunmiao,39.8333,97.7333,-3.12,20,0,2.96,CN,1707522518
37,giyani,-23.3025,30.7187,24.84,67,31,2.19,ZA,1707522518
38,jamestown,42.097,-79.2353,14.77,61,40,3.6,US,1707522443
39,kitee,62.1,30.15,-10.44,96,100,1.91,FI,1707522518
40,longboat key,27.4125,-82.659,21.12,63,0,2.57,US,1707522496
41,blackmans bay,-43.0167,147.3167,16.96,51,28,0.45,AU,1707522452
42,yellowknife,62.456,-114.3525,-17.71,78,40,3.6,CA,1707522279
43,port augusta,-32.5,137.7667,29.6,22,0,3.68,AU,1707521955
44,ilulissat,69.2167,-51.1,-13.99,47,40,4.63,GL,1707522466
45,ancud,-41.8697,-73.8203,14.68,87,12,6.02,CL,1707522467
46,magadan,59.5667,150.8,-26.34,78,15,2.82,RU,1707521934
47,wailua homesteads,22.0669,-159.378,26.44,69,40,5.14,US,1707522458
48,eagleton village,35.7951,-83.9318,9.87,95,100,0.0,US,1707522519
49,saint-pierre,-21.3393,55.4781,25.82,73,0,3.09,RE,1707522520
50,klyuchi,52.2667,79.1667,4.67,67,100,12.34,RU,1707522337
51,east ballina,-28.8667,153.5833,24.33,84,100,3.7,AU,1707522520
52,pokhara,28.2333,83.9833,10.34,21,0,2.55,NP,1707522294
53,holualoa,19.6228,-155.9522,24.91,74,75,4.63,US,1707522520
54,cabo san lucas,22.8909,-109.9124,21.53,68,100,1.03,MX,1707522170
55,hermanus,-34.4187,19.2345,15.45,71,49,4.2,ZA,1707522456
56,puerto ayora,-0.7393,-90.3518,28.98,93,69,1.34,EC,1707522397
57,utrik,11.2278,169.8474,26.1,80,100,10.57,MH,1707522467
58,vila franca do campo,37.7167,-25.4333,15.23,84,100,1.23,PT,1707522521
59,hawaiian paradise park,19.5933,-154.9731,25.57,78,100,6.17,US,1707522463
60,margate,51.3813,1.3862,10.94,93,99,4.47,GB,1707522521
61,pisco,-13.7,-76.2167,26.03,83,0,7.72,PE,1707522521
62,vondrozo,-22.8167,47.2833,20.54,100,93,0.6,MG,1707522521
63,yuzhno-sukhokumsk,44.6581,45.6436,8.09,71,50,3.9,RU,1707522521
64,edinburgh of the seven seas,-37.0676,-12.3116,19.74,94,99,10.64,SH,1707522448
65,port mathurin,-19.6833,63.4167,26.73,79,94,11.91,MU,1707522446
66,queenstown,-31.8976,26.8753,15.21,77,90,2.09,ZA,1707522452
67,fale old settlement,-9.3852,-171.2468,28.55,78,100,6.38,TK,1707522522
68,waldbrunn,50.5167,8.1167,9.33,95,100,3.77,DE,1707522522
69,kibiti,-7.7218,38.9375,23.42,98,100,1.17,TZ,1707522522
70,punta arenas,-53.15,-70.9167,14.06,62,0,6.17,CL,1707522522
71,ushuaia,-54.8,-68.3,12.81,62,40,5.66,AR,1707522175
72,vilyuysk,63.7553,121.6247,-31.11,100,100,0.45,RU,1707522522
73,codrington,-38.2667,141.9667,17.91,65,37,5.54,AU,1707522523
74,yanji,42.9075,129.5078,-7.63,73,42,1.45,CN,1707522523
75,saint-gilles,43.6766,4.4302,14.08,94,100,7.2,FR,1707522523
76,new norfolk,-42.7826,147.0587,17.62,38,0,1.44,AU,1707522523
77,tazovsky,67.4667,78.7,-16.44,96,100,5.25,RU,1707522455
78,hasaki,35.7333,140.8333,7.38,60,83,2.96,JP,1707522523
79,taulaga,-11.0553,-171.0883,29.0,80,100,9.63,AS,1707522524
80,kill devil hills,36.0307,-75.676,11.1,76,0,3.6,US,1707522438
81,whitehorse,60.7161,-135.0538,-6.66,83,100,12.35,CA,1707522471
82,howrah,22.5892,88.3103,14.0,77,1,1.54,IN,1707522329
83,cooma,-36.2333,149.1333,19.1,44,3,2.5,AU,1707522524
84,papatowai,-46.5619,169.4708,10.17,92,98,4.52,NZ,1707522454
85,port alfred,-33.5906,26.891,18.99,79,61,2.24,ZA,1707522448
86,lautoka,-17.6167,177.4667,29.92,74,75,2.57,FJ,1707522524
87,chonchi,-42.6128,-73.8092,20.56,74,83,2.17,CL,1707522524
88,talnakh,69.4865,88.3972,-25.58,78,71,2.36,RU,1707522449
89,kilindoni,-7.9139,39.6668,28.18,78,97,5.42,TZ,1707522525
90,kodiak,57.79,-152.4072,3.73,93,100,5.66,US,1707522525
91,isafjordur,66.0755,-23.124,-1.75,62,100,6.05,IS,1707522450
92,avarua,-21.2078,-159.775,29.03,74,75,8.23,CK,1707522443
93,kone,-21.0595,164.8658,29.97,62,35,3.18,NC,1707521947
94,gangtok,27.3333,88.6167,5.79,51,0,2.87,IN,1707521949
95,"laikit, laikit ii (dimembe)",1.4792,124.9735,25.47,89,20,1.03,ID,1707522525
96,bamboo flat,11.7,92.7167,21.05,94,62,1.03,IN,1707522525
97,zouerate,22.7187,-12.4521,20.94,10,2,3.74,MR,1707522526
98,salalah,17.0151,54.0924,22.05,56,0,2.57,OM,1707522526
99,acarau,-2.8856,-40.12,26.98,82,58,5.82,BR,1707522526
100,isoka,-10.1606,32.6335,18.06,94,100,0.52,ZM,1707522526
101,hami,42.8,93.45,-4.62,57,2,2.21,CN,1707522526
102,thompson,55.7435,-97.8558,-14.91,85,100,3.6,CA,1707522443
103,lashio,22.9333,97.75,8.33,69,6,0.87,MM,1707522526
104,pionki,51.476,21.4499,2.27,97,100,2.57,PL,1707522526
105,zaozersk,69.4005,32.4476,-16.78,93,100,1.77,RU,1707522527
106,howard springs,-12.497,131.047,29.95,91,90,2.72,AU,1707522527
107,qaqortoq,60.7167,-46.0333,-11.14,66,100,4.27,GL,1707522449
108,sitka,57.0531,-135.33,5.94,70,100,10.8,US,1707522527
109,vanimo,-2.6741,141.3028,26.61,86,100,0.33,PG,1707522527
110,maloye ganyushkino,46.6,49.2667,6.18,89,100,5.09,KZ,1707522527
111,alofi,-19.0595,-169.9187,30.94,74,75,5.66,NU,1707522527
112,vilyuchinsk,52.9306,158.4028,-11.85,80,20,3.15,RU,1707522332
113,udachny,66.4167,112.4,-33.64,74,98,1.23,RU,1707522459
114,horta,38.5333,-28.6333,13.34,94,100,4.92,PT,1707522471
115,bel ombre,-4.6167,55.4167,23.91,88,40,0.51,SC,1707522528
116,college,64.8569,-147.8028,-3.44,73,75,0.0,US,1707522455
117,port lincoln,-34.7333,135.8667,20.0,71,13,8.26,AU,1707522445
118,chengde,40.9725,117.9361,-8.53,57,0,1.64,CN,1707522528
119,mahajanga,-15.7167,46.3167,25.01,94,40,2.57,MG,1707522528
120,geraldton,-28.7667,114.6,31.23,14,0,2.57,AU,1707522327
121,arteche,12.2645,125.4048,26.7,72,18,5.38,PH,1707522528
122,mili,6.0815,171.735,27.37,83,100,11.1,MH,1707522529
123,viedma,-40.8135,-62.9967,21.2,78,100,5.0,AR,1707522529
124,la ronge,55.1001,-105.2842,-4.86,80,100,3.09,CA,1707522529
125,gokceada,40.2011,25.909,14.6,86,46,8.03,TR,1707522529
126,fortaleza,-3.7227,-38.5247,29.07,79,20,4.63,BR,1707522529
127,bilibino,68.0546,166.4372,-20.65,91,100,2.54,RU,1707522470
128,remire-montjoly,4.9167,-52.2667,27.02,83,40,1.03,GF,1707522453
129,tiksi,71.6872,128.8694,-23.94,100,100,1.96,RU,1707522529
130,uturoa,-16.7333,-151.4333,26.13,94,100,4.7,PF,1707522348
131,novodvinsk,64.4165,40.8122,-20.68,100,84,0.21,RU,1707521962
132,rio grande,-32.035,-52.0986,27.06,92,21,7.8,BR,1707522376
133,san luis de la loma,17.2706,-100.8939,26.84,63,3,3.77,MX,1707522458
134,bodo,67.28,14.405,-3.98,86,75,10.8,NO,1707522530
135,anadyr,64.75,177.4833,-17.72,84,20,5.81,RU,1707522457
136,praia da vitoria,38.7333,-27.0667,13.75,94,20,0.67,PT,1707522530
137,arkalyk,50.2486,66.9114,-10.26,87,88,6.98,KZ,1707521971
138,savannah,32.0835,-81.0998,19.04,70,100,4.12,US,1707522531
139,alice springs,-23.7,133.8833,31.79,34,33,2.68,AU,1707521949
140,lihue,21.9789,-159.3672,26.77,68,40,5.14,US,1707522531
141,kingston,17.997,-76.7936,27.53,65,20,5.14,JM,1707522401
142,urangan,-25.3,152.9,29.0,66,10,4.92,AU,1707522531
143,waitangi,-43.9535,-176.5597,17.68,70,15,4.47,NZ,1707522446
144,aoulef,26.9667,1.0833,19.18,12,99,5.04,DZ,1707522531
145,jalal-abad,40.9333,73.0,0.8,49,6,3.47,KG,1707522531
146,stanley,54.868,-1.6985,5.85,93,100,3.6,GB,1707522461
147,tubarjal,30.4999,38.216,10.94,72,13,5.93,SA,1707522532
148,polyarnyy,69.1989,33.4478,-14.77,89,100,2.79,RU,1707522532
149,hays,30.0502,-98.0336,22.43,77,100,3.18,US,1707522245
150,puerto baquerizo moreno,-0.9,-89.6,26.22,82,35,3.46,EC,1707522467
151,georgetown,5.4112,100.3354,26.64,73,20,2.68,MY,1707522310
152,patan,27.6667,85.3333,6.21,93,20,0.0,NP,1707522532
153,nuuk,64.1835,-51.7216,-11.66,79,100,4.63,GL,1707522434
154,revda,56.801,59.9303,-18.44,95,100,4.55,RU,1707522532
155,portland,45.5234,-122.6762,8.24,91,100,0.89,US,1707522416
156,huatabampo,26.8333,-109.6333,18.55,45,100,3.55,MX,1707522533
157,bamyan,34.75,67.25,-16.22,39,0,2.77,AF,1707522533
158,rabigh,22.7986,39.0349,22.5,71,0,0.55,SA,1707522533
159,n'zeto,-7.2312,12.8666,28.26,80,99,4.31,AO,1707522533
160,rhinelander,45.6366,-89.4121,-0.8,73,99,4.57,US,1707522533
161,grand falls-windsor,48.9332,-55.6649,-12.01,99,57,1.12,CA,1707522533
162,pacific grove,36.6177,-121.9166,15.21,72,0,5.81,US,1707522534
163,arkhangel'sk,64.5401,40.5433,-20.49,83,100,0.0,RU,1707522424
164,colonia,50.9333,6.95,11.99,90,40,3.6,DE,1707522534
165,kyrenia,35.3417,33.3167,10.75,75,9,2.33,CY,1707522534
166,trashi yangtse,27.6116,91.498,5.51,40,0,3.17,BT,1707522534
167,petropavlovsk-kamchatsky,53.0452,158.6483,-12.67,80,75,5.0,RU,1707522534
168,hotan,37.0997,79.9269,-2.22,61,13,1.19,CN,1707522534
169,vuktyl,63.8567,57.3094,-24.19,100,97,0.6,RU,1707522535
170,kayangel,8.0823,134.7173,27.52,81,99,9.18,PW,1707522535
171,kozhevnikovo,56.2589,83.9714,2.92,99,100,9.64,RU,1707522535
172,keflavik,64.0049,-22.5624,-4.76,74,0,5.66,IS,1707522467
173,la foa,-21.7108,165.8276,28.81,62,59,3.06,NC,1707522535
174,qamdo,31.1667,97.2333,-15.65,42,0,1.6,CN,1707521960
175,nema,57.5067,50.5011,-30.23,100,69,1.46,RU,1707522535
176,nakamura,32.9833,132.9333,8.6,62,95,3.31,JP,1707522536
177,lorengau,-2.0226,147.2712,28.28,80,100,2.83,PG,1707522536
178,pocone,-16.2567,-56.6228,27.01,73,79,1.17,BR,1707522455
179,la'ie,21.6477,-157.9253,27.98,75,33,4.92,US,1707521968
180,iqaluit,63.7506,-68.5145,-28.15,69,20,4.12,CA,1707522444
181,ciudad constitucion,25.0369,-111.6644,16.84,53,100,6.91,MX,1707522536
182,mogocha,53.7333,119.7667,-25.65,100,100,0.98,RU,1707522536
183,el granada,37.5027,-122.4694,14.82,70,20,6.17,US,1707522536
184,male,4.1748,73.5089,27.97,83,20,7.2,MV,1707522537
185,vorgashor,67.5833,63.95,-22.98,92,68,9.57,RU,1707522465
186,bestobe,52.4994,73.0975,-3.91,77,87,8.83,KZ,1707522537
187,northam,51.0333,-4.2167,9.81,98,89,7.13,GB,1707521966
188,tazacorte,28.629,-17.9293,21.54,98,75,2.68,ES,1707522537
189,mont-dore,-22.2833,166.5833,28.99,99,79,5.46,NC,1707522537
190,tarawa,1.419,172.984,25.05,100,100,4.12,KI,1707522537
191,orastie,45.8333,23.2,8.54,77,100,0.32,RO,1707522537
192,hastings,50.8552,0.5729,11.1,93,98,8.31,GB,1707522538
193,salinopolis,-0.6136,-47.3561,27.65,81,78,7.24,BR,1707522538
194,santa maria del oro,25.9333,-105.3667,16.54,31,97,9.01,MX,1707522538
195,acapulco de juarez,16.8634,-99.8901,29.9,54,40,3.6,MX,1707522509
196,malvan,16.0667,73.4667,23.08,51,0,3.92,IN,1707522538
197,taft,31.7471,54.2088,5.97,27,0,3.09,IR,1707522538
198,st. john's,47.5649,-52.7093,-1.79,94,100,7.2,CA,1707522451
199,khandyga,62.6667,135.6,-45.62,100,74,1.0,RU,1707522538
200,benguela,-12.5763,13.4055,26.92,77,77,1.13,AO,1707522383
201,sitia,35.2,26.0986,13.88,80,0,4.08,GR,1707522539
202,verkhnevilyuysk,63.4453,120.3167,-28.66,99,100,0.58,RU,1707522539
203,torbat-e jam,35.244,60.6225,8.17,37,23,1.16,IR,1707522539
204,lincheng,19.9078,109.6858,14.3,78,100,4.4,CN,1707522539
205,pangody,65.85,74.4859,-17.29,97,100,6.66,RU,1707522539
206,el kef,36.1742,8.7049,16.85,27,100,16.63,TN,1707522539
207,hedaru,-4.5,37.9,22.77,90,41,1.39,TZ,1707522539
208,oum hadjer,13.2954,19.6966,21.4,12,5,3.87,TD,1707522539
209,enewetak,11.3474,162.3373,26.54,82,98,10.04,MH,1707522464
210,tamanrasset,22.785,5.5228,8.95,18,0,1.54,DZ,1707522540
211,santa cruz,-17.8,-63.1667,25.03,83,75,5.14,BO,1707522437
212,nova sintra,14.8667,-24.7167,21.17,70,0,7.64,CV,1707522464
213,nizhnevartovsk,60.9344,76.5531,-11.99,92,100,3.13,RU,1707522540
214,prachin buri,14.0833,101.6667,24.08,75,85,2.15,TH,1707522540
215,margaret river,-33.95,115.0667,26.49,36,0,2.72,AU,1707522443
216,coyhaique,-45.5752,-72.0662,25.34,38,0,3.6,CL,1707522540
217,itoman,26.1247,127.6694,16.16,59,75,7.2,JP,1707522541
218,tiflet,33.8947,-6.3065,16.33,88,49,8.23,MA,1707522541
219,putla villa de guerrero,17.0333,-97.9333,26.15,72,4,3.0,MX,1707522541
220,lukolela,-1.0605,17.1821,23.5,90,100,2.83,CD,1707522541
221,nadi,-17.8,177.4167,30.0,74,75,2.57,FJ,1707522541
222,dubbo,-32.25,148.6167,25.07,53,0,8.75,AU,1707522542
223,dass,10.0,9.5167,20.79,19,11,2.06,NG,1707522542
224,bontang,0.1333,117.5,24.76,92,100,2.3,ID,1707522542
225,krzeszowice,50.1425,19.6322,7.84,88,98,1.34,PL,1707522542
226,rikaze,29.25,88.8833,-6.73,17,0,0.66,CN,1707521964
227,port saint john's,-31.6229,29.5448,20.46,95,100,3.34,ZA,1707522459
228,trancas,-26.2314,-65.2803,22.5,88,79,0.47,AR,1707522542
229,kabardinka,44.6514,37.9428,10.57,86,26,6.26,RU,1707522543
230,bardai,11.65,7.2333,19.45,18,65,3.71,NG,1707522543
231,bredasdorp,-34.5322,20.0403,17.11,76,51,2.68,ZA,1707522447
232,zhanibek,49.4167,46.85,-3.48,92,100,2.12,KZ,1707522543
233,mirador,-6.3708,-44.3631,24.52,95,100,1.44,BR,1707522543
234,gannan,47.9147,123.5031,-17.67,86,12,2.61,CN,1707522544
235,murghob,38.1702,73.9667,-22.17,54,0,2.71,TJ,1707522544
236,porto novo,6.4965,2.6036,27.9,78,26,2.47,BJ,1707522544
237,vinton,37.281,-79.897,14.26,67,100,1.08,US,1707522409
238,kharp,66.8014,65.8081,-24.51,91,47,2.15,RU,1707522544
239,hilo,19.7297,-155.09,25.69,81,100,6.17,US,1707522380
240,golfito,8.639,-83.166,26.17,88,63,1.21,CR,1707522544
241,kamina,-8.7386,24.9906,19.08,93,100,0.06,CD,1707522545
242,santyoku,37.4406,129.1708,1.71,59,4,4.18,KR,1707522545
243,mount gambier,-37.8333,140.7667,19.1,47,27,4.74,AU,1707522545
244,babayurt,43.6002,46.7789,8.59,71,8,1.79,RU,1707522545
245,susuman,62.7833,148.1667,-33.42,99,100,0.89,RU,1707522453
246,noshiro,40.2039,140.0242,-4.54,60,98,2.39,JP,1707522545
247,whakatane,-37.9585,176.9854,23.21,85,97,2.24,NZ,1707522546
248,ed damer,17.5928,33.9592,19.68,22,47,5.38,SD,1707522546
249,mokhsogollokh,61.4681,128.9203,-34.87,100,100,1.2,RU,1707522546
250,imbituva,-25.23,-50.6044,22.63,58,96,3.13,BR,1707522547
251,luanda,-8.8368,13.2343,28.0,83,40,2.57,AO,1707522547
252,katsuura,35.1333,140.3,8.33,78,64,4.59,JP,1707521948
253,al badari,26.9926,31.4155,12.08,40,1,2.73,EG,1707522547
254,tyukalinsk,55.8732,72.1967,-16.1,91,54,5.88,RU,1707522547
255,tolanaro,-25.0319,46.9987,25.04,88,40,6.17,MG,1707522547
256,namibe,-15.1961,12.1522,25.39,78,100,1.6,AO,1707522547
257,touros,-5.1989,-35.4608,27.21,81,66,5.57,BR,1707521956
258,sakakah,29.9697,40.2064,17.76,65,72,0.94,SA,1707522548
259,yarmouth,41.7057,-70.2286,4.44,89,40,4.12,US,1707522548
260,antsiranana,-12.2787,49.2917,24.9,89,100,1.22,MG,1707521954
261,brisas de zicatela,15.8369,-97.0419,26.44,78,86,1.49,MX,1707522548
262,berezovyy,51.6667,135.7,-18.66,77,15,0.88,RU,1707522548
263,sanming,26.2486,117.6186,6.15,89,4,0.24,CN,1707522549
264,waajid,3.8096,43.2463,24.72,68,11,7.23,SO,1707522549
265,union city,37.5958,-122.0192,14.95,64,40,3.6,US,1707522549
266,cambria,35.5641,-121.0808,15.79,64,71,4.97,US,1707522549
267,kalmunai,7.4167,81.8167,25.92,77,99,4.64,LK,1707522549
268,katabu,-4.9333,122.5167,28.2,76,46,1.98,ID,1707522549
269,dunedin,-45.8742,170.5036,12.67,87,91,3.13,NZ,1707522550
270,fortuna,40.5982,-124.1573,11.63,74,100,3.13,US,1707522448
271,happy valley-goose bay,53.3168,-60.3315,-2.83,74,75,1.03,CA,1707522464
272,nar'yan-mar,67.6713,53.087,-19.38,90,62,5.36,RU,1707522336
273,batesville,35.7698,-91.641,21.23,67,0,3.09,US,1707522550
274,haiku-pauwela,20.9219,-156.3051,26.01,65,40,3.13,US,1707522550
275,maxixe,-23.8597,35.3472,24.01,84,3,1.95,MZ,1707521951
276,labasa,-16.4167,179.3833,27.65,89,100,2.24,FJ,1707522446
277,longyearbyen,78.2186,15.6401,-5.09,68,40,8.23,SJ,1707522326
278,ankazoabo,-22.2833,44.5167,22.77,87,47,1.78,MG,1707522551
279,saudarkrokur,65.7461,-19.6394,-9.92,77,100,3.27,IS,1707522551
280,yunak,38.8142,31.7322,5.23,67,6,1.95,TR,1707522551
281,egilsstadir,65.2653,-14.3948,-10.05,85,100,0.0,IS,1707521951
282,huron,41.1501,-82.5499,14.31,71,100,7.33,US,1707521976
283,avenal,36.0041,-120.129,12.87,54,86,4.02,US,1707522552
284,south venice,27.0531,-82.4243,21.66,79,0,3.6,US,1707522552
285,grande prairie,55.1667,-118.8027,-3.9,58,40,2.06,CA,1707522552
286,colonel hill,22.7667,-74.2167,23.0,65,15,8.31,BS,1707522552
287,yeniseysk,58.4497,92.1703,-1.14,90,100,4.47,RU,1707522552
288,saint-joseph,-21.3667,55.6167,25.21,82,100,6.38,RE,1707522552
289,okhotsk,59.3833,143.3,-27.76,79,42,3.86,RU,1707522552
290,robertsport,6.7533,-11.3686,27.63,86,16,4.29,LR,1707522553
291,gaborone,-24.6545,25.9086,20.95,94,100,2.42,BW,1707522553
292,talen,23.5667,76.7167,12.8,21,6,3.15,IN,1707522553
293,salekhard,66.53,66.6019,-22.12,86,61,8.94,RU,1707522553
294,ladario,-19.0047,-57.6017,26.01,77,100,1.34,BR,1707522486
295,la porte,29.6658,-95.0194,24.14,76,75,8.75,US,1707522554
296,richlands,37.0932,-81.7937,9.57,86,100,3.04,US,1707522554
297,alta,69.9689,23.2717,-15.41,74,18,23.69,NO,1707522554
298,weno,7.4515,151.8468,28.97,79,75,4.12,FM,1707522457
299,ust'-kut,56.7938,105.7672,-8.67,96,100,2.16,RU,1707522554
300,tekkekoy,41.2117,36.46,5.86,87,20,1.54,TR,1707522554
301,carnarvon,-24.8667,113.6333,25.85,73,0,5.06,AU,1707522444
302,charters towers,-20.1,146.2667,28.99,50,6,4.64,AU,1707522555
303,pearsall,28.8922,-99.095,24.1,62,94,1.9,US,1707522449
304,kirkland lake,48.1446,-80.0377,3.16,93,100,2.57,CA,1707522555
305,vozhega,60.4725,40.2213,-23.21,100,94,1.31,RU,1707522555
306,vorkuta,67.5,64.0,-22.78,90,66,6.5,RU,1707522555
307,slave lake,55.2834,-114.769,-11.01,85,20,2.57,CA,1707522425
308,inari,68.906,27.0288,-19.89,100,100,1.52,FI,1707522556
309,jinchang,38.4953,102.1739,-4.94,54,0,3.5,CN,1707522556
310,aasiaat,68.7098,-52.8699,-16.95,74,100,7.58,GL,1707522337
311,kiunga,-6.1219,141.2906,27.19,81,100,0.28,PG,1707521970
312,ulsteinvik,62.3432,5.8487,-2.93,64,27,3.58,NO,1707522556
313,mount isa,-20.7333,139.5,30.87,58,39,3.09,AU,1707522556
314,shahpur,16.7,76.8333,22.97,70,1,3.86,IN,1707522557
315,peniche,39.3558,-9.3811,13.29,85,18,10.55,PT,1707522557
316,hun,29.1268,15.9477,14.61,24,4,3.81,LY,1707522557
317,carutapera,-1.195,-46.02,24.76,94,49,3.07,BR,1707522557
318,siwa oasis,29.2041,25.5195,13.7,38,0,2.19,EG,1707522557
319,hithadhoo,-0.6,73.0833,28.49,67,89,6.45,MV,1707522557
320,timbuktu,16.7735,-3.0074,20.05,8,0,2.26,ML,1707522557
321,koulamoutou,-1.1303,12.4736,22.54,96,64,1.18,GA,1707522558
322,saipan,15.1355,145.701,28.39,65,20,8.75,MP,1707522558
323,jayapura,-2.5333,140.7,27.66,84,100,0.86,ID,1707521966
324,kota bharu,6.1333,102.2386,23.97,88,20,1.54,MY,1707522558
325,tashtyp,52.7939,89.8983,0.5,88,81,3.83,RU,1707522558
326,ta`u,-14.2336,-169.5144,28.91,81,89,7.87,AS,1707522558
327,crucecita,-28.95,-58.9833,27.73,67,100,2.67,AR,1707522558
328,price,39.5994,-110.8107,0.06,93,100,5.14,US,1707522559
329,taltal,-25.4,-70.4833,22.57,78,23,1.9,CL,1707522382
330,battagram,34.6772,73.0233,3.89,51,0,3.64,PK,1707522559
331,celina,40.5489,-84.5702,15.49,72,72,6.4,US,1707522395
332,mizdah,31.4451,12.9801,12.3,27,49,4.4,LY,1707522559
333,puerto plata,19.7934,-70.6884,24.91,78,40,0.0,DO,1707522393
334,coronel dorrego,-38.7187,-61.2873,21.3,88,100,5.14,AR,1707522559
335,kirensk,57.7853,108.1119,-10.58,97,99,1.34,RU,1707522560
336,abbeville,50.1,1.8333,11.98,81,92,6.1,FR,1707522560
337,luderitz,-26.6481,15.1594,18.01,73,67,9.78,NA,1707522560
338,cururupu,-1.8283,-44.8683,24.65,92,75,1.66,BR,1707522560
339,fereydun kenar,36.6864,52.5225,12.84,62,95,3.11,IR,1707522560
340,pariaman,-0.619,100.12,26.03,81,100,2.79,ID,1707522462
341,kourou,5.1552,-52.6478,27.03,89,59,3.37,GF,1707522560
342,cockburn town,21.4612,-71.1419,22.98,60,40,5.66,TC,1707522384
343,moree,-29.4667,149.85,26.69,54,93,4.27,AU,1707522561
344,jagraon,30.7833,75.4833,6.54,36,0,0.77,IN,1707522561
345,naze,28.3667,129.4833,13.51,55,98,5.27,JP,1707522561
346,saint croix,17.7397,-64.7388,23.25,69,0,4.63,VI,1707522561
347,ormara,25.2088,64.6357,20.89,72,0,4.5,PK,1707522561
348,shiqian,27.5225,108.2281,4.08,88,90,0.93,CN,1707522562
349,kruisfontein,-34.0033,24.7314,17.71,85,74,7.91,ZA,1707522562
350,gereida,11.2811,25.1414,22.74,20,8,4.23,SD,1707522562
351,bridgetown,13.1,-59.6167,26.27,83,40,6.69,BB,1707522435
352,flin flon,54.7682,-101.865,-11.09,79,100,1.03,CA,1707522425
353,kerikeri,-35.2268,173.9474,24.95,82,100,2.93,NZ,1707522563
354,constitucion,-35.3333,-72.4167,14.62,88,8,4.03,CL,1707522563
355,puerto deseado,-47.7503,-65.8938,16.19,56,0,6.93,AR,1707522468
356,chita,52.0333,113.55,-23.91,76,20,0.0,RU,1707522563
357,ain leuh,33.2921,-5.3384,5.84,93,100,10.46,MA,1707522563
358,la passe,45.5549,-0.8967,11.13,95,100,3.78,FR,1707522452
359,halifax,44.6453,-63.5724,0.94,87,20,1.54,CA,1707521799
360,selfoss,63.9331,-20.9971,-9.89,78,100,4.52,IS,1707522563
361,sao felix do xingu,-6.6447,-51.995,23.61,98,90,1.0,BR,1707522564
362,nemuro,43.3236,145.575,-3.91,81,100,0.97,JP,1707522456
363,krasnyy chikoy,50.3643,108.7512,-19.45,99,81,0.95,RU,1707522564
364,sarkand,45.41,79.9186,1.75,59,36,4.79,KZ,1707522564
365,port hueneme,34.1478,-119.1951,16.87,58,0,5.66,US,1707522564
366,caxito,-8.5785,13.6643,26.18,89,90,1.2,AO,1707522564
367,kurchatov,51.6601,35.6521,-8.91,93,100,2.3,RU,1707522564
368,airuk,7.2772,168.8203,27.04,80,100,10.79,MH,1707522565
369,cole harbour,44.6724,-63.4751,0.66,88,20,1.54,CA,1707522565
370,nagqu,31.5,92.0,-18.84,45,0,2.2,CN,1707522565
371,huntingburg,38.2989,-86.955,16.05,77,20,6.69,US,1707522565
372,kamyzyak,46.11,48.0736,3.99,100,100,5.0,RU,1707522565
373,maine soroa,13.2114,12.0241,19.59,15,4,3.53,NE,1707522566
374,maragogi,-9.0122,-35.2225,27.57,77,55,5.82,BR,1707522566
375,thinadhoo,0.5333,72.9333,28.12,70,97,6.6,MV,1707521970
376,redcliff,-19.0333,29.7833,19.12,75,25,2.16,ZW,1707522304
377,galesburg,40.9478,-90.3712,10.37,60,0,3.09,US,1707522566
378,ji'an,27.1172,114.9793,5.08,88,9,0.96,CN,1707522566
379,asind,25.7333,74.3333,11.37,33,0,2.68,IN,1707522567
380,sabang,5.8933,95.3214,28.6,73,54,8.81,ID,1707522567
381,chicoana,-25.1009,-65.5331,20.59,86,84,0.65,AR,1707522567
382,san andres,12.5847,-81.7006,28.01,65,20,4.12,CO,1707522567
383,tvoroyri,61.5556,-6.8111,4.85,57,100,9.19,FO,1707522567
384,reggane,26.7158,0.1714,19.32,11,98,4.91,DZ,1707522567
385,guiuan,11.0333,125.7247,27.04,74,24,7.96,PH,1707522568
386,lisala,2.15,21.5167,24.15,42,79,0.7,CD,1707522568
387,san patricio,28.017,-97.5169,23.97,78,100,5.35,US,1707522568
388,inarajan village,13.2736,144.7484,28.54,80,85,7.08,GU,1707522568
389,estacion santa engracia,24.0159,-99.2015,28.48,37,28,4.47,MX,1707522568
390,maba,24.6841,113.5984,6.12,88,33,0.85,CN,1707522568
391,dronero,44.4657,7.3513,6.7,97,100,0.86,IT,1707522569
392,aykhal,66.0,111.5,-33.36,100,100,1.67,RU,1707522569
393,mossel bay,-34.1831,22.146,17.96,86,71,3.46,ZA,1707522569
394,laguna,38.421,-121.4238,13.16,62,0,4.63,US,1707521973
395,es castell,39.8795,4.2854,14.38,100,100,9.77,ES,1707522569
396,isla vista,34.4133,-119.861,16.86,56,0,3.6,US,1707522569
397,nogliki,51.8333,143.1667,-19.81,99,82,3.58,RU,1707522570
398,gouloure,12.2306,-1.9289,23.85,10,32,4.09,BF,1707522570
399,yigo village,13.5361,144.8886,27.62,73,40,8.75,GU,1707522570
400,sinabang,2.4803,96.3801,26.68,83,99,1.65,ID,1707522570
401,labytnangi,66.6572,66.4183,-24.01,91,62,3.25,RU,1707522570
402,karatas,36.582,35.3701,13.36,79,78,1.36,TR,1707522570
403,hadibu,12.65,54.0333,24.5,74,97,5.25,YE,1707522571
404,ulladulla,-35.35,150.4667,19.39,77,91,3.78,AU,1707522343
405,olyokminsk,60.3736,120.4264,-28.21,100,97,0.87,RU,1707522571
406,niquelandia,-14.4739,-48.4597,22.48,97,100,0.69,BR,1707522571
407,sur,22.5667,59.5289,20.35,69,0,0.99,OM,1707522462
408,pemalang,-6.9,109.3667,26.93,82,29,1.61,ID,1707522571
409,sigli,5.3848,95.9609,26.48,81,13,3.29,ID,1707522571
410,floro,61.5996,5.0328,-1.02,43,88,7.72,NO,1707522572
411,kailua-kona,19.6406,-155.9956,26.98,74,75,4.63,US,1707522572
412,poso,-1.3959,120.7524,27.43,78,91,0.67,ID,1707522572
413,port blair,11.6667,92.75,21.02,94,77,1.03,IN,1707522572
414,north battleford,52.7834,-108.2847,-6.95,63,100,6.69,CA,1707522572
415,sioux center,43.0797,-96.1756,2.44,83,64,0.89,US,1707522573
416,andkhoy,36.9529,65.1238,10.58,35,4,5.18,AF,1707522573
417,sechura,-5.5569,-80.8222,24.87,91,24,7.16,PE,1707522573
418,rawson,-43.3002,-65.1023,22.1,47,52,5.71,AR,1707522403
419,pachino,36.7186,15.0907,14.67,80,100,4.66,IT,1707522573
420,thunder bay,48.4001,-89.3168,0.99,75,100,7.2,CA,1707522573
421,gaspe,48.8334,-64.4819,-3.88,86,75,0.0,CA,1707522337
422,barra,-11.0894,-43.1417,23.31,92,100,2.23,BR,1707522574
423,nynashamn,58.9034,17.9479,-6.61,70,90,5.53,SE,1707522574
424,rong kwang,18.339,100.3174,23.02,79,11,1.58,TH,1707522574
425,rongelap,11.1635,166.8941,26.12,79,98,10.01,MH,1707522460
426,juneau,58.3019,-134.4197,1.0,95,100,8.23,US,1707522574
427,flying fish cove,-10.4217,105.6791,26.82,83,40,1.54,CX,1707522460
428,adrar,20.5022,-10.0711,18.89,10,1,0.45,MR,1707522575
429,la junta,37.985,-103.5438,7.16,52,20,4.12,US,1707522565
430,faribault,44.295,-93.2688,-0.71,81,100,0.0,US,1707522487
431,merizo village,13.2658,144.6691,28.31,80,85,6.97,GU,1707522575
432,betio village,1.358,172.9211,25.02,78,100,4.6,KI,1707522575
433,shingu,33.7333,135.9833,8.82,50,85,1.9,JP,1707522468
434,sault ste. marie,46.5168,-84.3333,2.31,93,100,4.63,CA,1707522575
435,virginia,37.5481,-77.4467,13.08,60,100,3.6,US,1707522539
436,iskateley,67.6803,53.1512,-19.43,90,61,5.36,RU,1707522576
437,itaituba,-4.2761,-55.9836,25.22,96,99,0.81,BR,1707522576
438,tsiombe,-25.3,45.4833,23.66,86,1,2.33,MG,1707522576
439,sheridan,44.8333,-106.9173,3.21,74,100,5.14,US,1707522576
440,blanchard,35.1378,-97.6581,17.05,32,100,4.79,US,1707522576
441,berdigestyakh,62.0989,126.6992,-28.76,99,100,1.33,RU,1707522457
442,priargunsk,50.3691,119.1012,-29.82,100,100,0.93,RU,1707522577
443,maughold,54.2988,-4.3184,7.57,98,100,2.11,IM,1707522577
444,asan-maina village,13.4722,144.7165,28.39,73,40,8.75,GU,1707522577
445,hammerfest,70.6634,23.6821,-6.75,68,0,2.57,NO,1707522577
446,bengkulu,-3.8004,102.2655,24.57,91,99,1.65,ID,1707522577
447,bima,-8.4667,118.7167,27.42,84,47,0.48,ID,1707522577
448,el charco,2.4769,-78.1105,25.38,94,94,1.6,CO,1707522578
449,san francisco de la paz,14.9,-86.2,28.84,62,1,1.08,HN,1707522578
450,minbu,20.1833,94.8833,17.16,45,0,2.24,MM,1707522578
451,namtsy,62.7161,129.6658,-36.43,99,99,0.99,RU,1707522578
452,behshahr,36.6923,53.5526,6.97,50,88,2.06,IR,1707522578
453,sept-iles,50.2001,-66.3821,-3.3,95,100,2.06,CA,1707522578
454,tarinkot,32.6268,65.8733,4.96,37,0,2.74,AF,1707522579
455,ozd,48.2167,20.3,9.76,82,100,2.96,HU,1707522579
456,nefta,33.8731,7.8777,18.8,17,100,7.08,TN,1707522579
457,nizhneudinsk,54.9076,99.0276,-1.4,86,100,1.73,RU,1707522579
458,minas de marcona,-15.2119,-75.1103,23.58,66,23,3.87,PE,1707522463
459,zalingei,12.9096,23.4741,21.45,24,84,1.95,SD,1707522579
460,sokhumi,43.0033,41.0153,11.73,68,87,2.37,GE,1707522579
461,glace bay,46.1969,-59.957,-4.01,93,40,1.54,CA,1707522580
462,tralee,52.2704,-9.7026,5.83,89,26,5.88,IE,1707522580
463,erenhot,43.6475,111.9767,-18.54,97,15,2.82,CN,1707522580
464,ibanda,-2.7974,32.4746,19.32,82,44,0.94,TZ,1707522580
465,iwaki,37.05,140.8833,6.18,75,75,1.42,JP,1707522580
466,aldinga beach,-35.2793,138.4604,24.86,56,2,6.68,AU,1707522580
467,mildura,-34.2,142.15,23.93,52,0,5.11,AU,1707522580
468,choyr,46.3611,108.3611,-20.82,84,14,2.44,MN,1707522581
469,ciudad lazaro cardenas,17.9583,-102.2,26.41,61,1,3.91,MX,1707522462
470,gulf shores,30.246,-87.7008,19.03,83,100,3.6,US,1707522466
471,el porvenir,13.7617,-87.3458,26.63,32,0,1.25,HN,1707522581
472,tura,25.5198,90.2201,9.76,66,0,2.42,IN,1707522324
473,mwene-ditu,-7.0,23.45,19.55,93,88,0.9,CD,1707522581
474,pailon,-17.65,-62.75,25.82,54,51,5.21,BO,1707522582
475,piriapolis,-34.8682,-55.2744,26.12,80,0,6.17,UY,1707522582
476,krasnokamensk,50.0979,118.0369,-26.19,100,94,1.14,RU,1707522582
477,yongchuan,29.3514,105.8947,8.04,73,100,1.0,CN,1707522582
478,desaguadero,-16.5656,-69.0417,9.02,73,69,4.63,PE,1707522582
479,dakhla,23.6848,-15.958,19.35,73,35,4.05,EH,1707522582
480,tanjung pandan,-2.75,107.65,26.02,88,86,3.87,ID,1707522582
481,namdrik,5.5994,168.1028,27.65,78,100,9.29,MH,1707522582
482,payocpoc sur,16.4944,120.3281,25.49,74,23,0.39,PH,1707522583
483,bubaque,11.2833,-15.8333,26.28,80,1,6.73,GW,1707522347
484,launceston,-41.45,147.1667,16.3,47,100,7.2,AU,1707522454
485,zeya,53.75,127.2667,-28.62,99,44,0.78,RU,1707522583
486,lompoc,34.6391,-120.4579,15.99,59,0,7.72,US,1707522456
487,tual,-5.6667,132.75,28.56,82,73,6.72,ID,1707522583
488,awjilah,29.1081,21.2869,13.97,42,0,3.22,LY,1707522583
489,eyl,7.9803,49.8164,25.05,70,46,7.48,SO,1707522584
490,portachuelo,-17.35,-63.4,25.5,68,60,3.63,BO,1707522584
491,conde,-7.2597,-34.9075,28.7,79,40,4.12,BR,1707522584
492,gediz,39.0417,29.41,5.95,82,4,1.99,TR,1707522584
493,pizarro,4.9533,-77.366,26.76,84,59,2.56,CO,1707522584
494,hadithah,34.1397,42.3781,14.07,61,88,5.2,IQ,1707522584
495,ouesso,1.6136,16.0517,24.93,70,91,1.15,CG,1707522584
496,nantucket,41.2835,-70.0995,4.44,93,0,6.17,US,1707522584
497,dar chioukh,34.8964,3.4854,10.1,52,100,10.68,DZ,1707522585
498,nabire,-3.3667,135.4833,28.94,74,82,0.54,ID,1707522585
499,wotje,9.4543,170.2367,26.53,82,100,11.22,MH,1707522585
500,likasi,-10.9814,26.7333,17.24,94,93,1.29,CD,1707522585
501,jutai,-5.1833,-68.9,24.97,95,99,1.17,BR,1707522585
502,turpan,42.9333,89.1667,0.67,56,15,0.68,CN,1707522585
503,boali,4.8005,18.1275,26.23,25,47,2.39,CF,1707522585
504,as sulayyil,20.4607,45.5779,16.14,43,8,4.2,SA,1707522586
505,tomatlan,19.9333,-105.25,25.19,60,5,5.05,MX,1707522586
506,darab,28.7519,54.5444,8.84,35,0,1.22,IR,1707522586
507,cuddalore,11.75,79.75,25.57,77,64,3.24,IN,1707522334
508,prince rupert,54.3161,-130.3201,3.83,93,100,13.38,CA,1707522461
509,monteagudo,-19.8167,-63.9833,20.17,98,100,1.25,BO,1707522586
510,isangel,-19.55,169.2667,29.06,84,75,2.06,VU,1707522586
511,sisimiut,66.9395,-53.6735,-16.74,91,100,4.62,GL,1707522450
512,masterton,-40.9597,175.6575,19.5,53,23,5.74,NZ,1707522586
513,san ignacio,17.1561,-89.0714,28.08,65,20,5.14,BZ,1707522587
514,adam,22.3756,57.5233,16.83,52,30,2.31,OM,1707522587
515,maceio,-9.6658,-35.7353,27.69,83,20,4.12,BR,1707522587
516,pimentel,-6.8367,-79.9342,28.16,65,75,7.72,PE,1707522456
517,turkestan,43.3333,68.25,7.12,62,100,2.49,KZ,1707522587
518,gerash,27.6652,54.1371,8.75,40,1,0.72,IR,1707522587
519,bykhaw,53.5193,30.2469,-4.89,90,100,4.11,BY,1707522587
520,ascension,30.2169,-90.9001,24.12,64,100,2.57,US,1707522587
521,atasu,48.6814,71.6433,1.14,86,74,7.86,KZ,1707522588
522,lamu,-2.2717,40.902,26.63,83,23,5.21,KE,1707522588
523,dachne,44.8833,34.9833,9.11,87,55,6.41,UA,1707522588
524,kyren,51.6828,102.1408,-12.25,81,72,1.34,RU,1707522544
525,shibushi,31.4667,131.105,8.96,61,14,4.91,JP,1707522588
526,maralal,1.0968,36.698,19.24,54,57,2.23,KE,1707522588
527,al burayqah,30.4062,19.5739,15.8,49,3,5.44,LY,1707522588
528,polovinnoye,54.7914,65.9864,-15.2,95,69,4.72,RU,1707522589
529,yermolayevo,52.7167,55.8,-18.97,99,99,2.47,RU,1707522589
530,tobol'sk,58.2,68.2667,-14.5,93,100,5.89,RU,1707522589
531,biebesheim,49.7836,8.4744,11.25,98,100,4.62,DE,1707522589
532,belmonte,-15.8631,-38.8828,23.2,90,100,1.37,BR,1707522589
533,dinguiraye,11.3,-10.7167,25.47,15,6,1.18,GN,1707522589
534,port washington,40.8257,-73.6982,9.01,85,75,4.12,US,1707522305
535,santo antonio dos olivais,40.2082,-8.401,11.11,92,81,4.21,PT,1707522590
536,nizhniy odes,63.6445,54.856,-20.61,100,97,2.54,RU,1707522590
537,antofagasta,-23.65,-70.4,23.6,77,9,3.8,CL,1707522590
538,bonanza,14.0289,-84.591,20.55,78,52,0.79,NI,1707522590
539,dudinka,69.4058,86.1778,-23.51,87,98,2.68,RU,1707522338
540,castillos,-34.1667,-53.8333,23.15,88,91,8.85,UY,1707522590
541,la libertad,-2.2333,-80.9,27.81,83,40,2.06,EC,1707522590
542,hassi messaoud,31.6804,6.0729,20.92,14,40,6.69,DZ,1707522590
543,guerrero negro,27.9769,-114.0611,15.14,62,71,8.43,MX,1707522591
544,kijang,35.2442,129.2139,-0.15,54,33,1.9,KR,1707522591
545,kristiansund,63.1115,7.732,-3.64,54,3,4.63,NO,1707522591
546,cam ranh,11.9214,109.1591,24.98,69,20,4.63,VN,1707522591
547,kangding,30.0513,101.9603,-4.87,59,30,3.93,CN,1707522591
548,marshfield,44.6689,-90.1718,2.49,75,100,6.69,US,1707522591
549,hanceville,34.0607,-86.7675,17.53,93,100,1.3,US,1707522591
550,boende,-0.2167,20.8667,24.26,75,95,1.32,CD,1707522592
551,nurota,40.5614,65.6886,10.25,34,64,3.95,UZ,1707522592
552,richmond,37.5538,-77.4603,13.02,60,100,3.6,US,1707522316
553,vilhena,-12.7406,-60.1458,24.12,94,75,4.12,BR,1707522592
554,coari,-4.085,-63.1414,25.56,92,100,1.1,BR,1707522592
555,rochelle,46.25,-1.0,11.4,93,100,2.57,FR,1707522592
556,christchurch,-43.5333,172.6333,20.3,57,82,3.09,NZ,1707522184
557,nakhodka,42.8333,132.8947,-8.34,73,95,2.04,RU,1707522592
558,cadale,2.7603,46.3222,26.07,85,49,9.91,SO,1707522593
559,aldama,22.9167,-98.0667,25.83,66,0,4.37,MX,1707522593
560,gizo,-8.103,156.8419,26.98,84,100,7.2,SB,1707522593
561,pawni,20.7833,79.6333,17.07,30,1,2.33,IN,1707522593
562,luocheng,29.3848,104.0286,7.11,79,86,1.25,CN,1707522593
563,severo-yeniseyskiy,60.3725,93.0408,-8.01,96,95,2.68,RU,1707522593
564,sydney,-33.8679,151.2073,22.95,76,75,9.77,AU,1707522085
565,mundybash,53.211,87.2983,4.23,83,100,6.03,RU,1707522594
566,eydhafushi,5.1033,73.0708,27.74,73,85,9.16,MV,1707522348
567,shengli,37.4564,118.4856,-0.66,53,3,2.35,CN,1707522594
568,necochea,-38.5473,-58.7368,20.95,97,100,4.36,AR,1707522594
569,forecariah,9.4306,-13.0881,24.04,90,64,1.89,GN,1707522594
570,hwange,-18.3693,26.5019,22.82,69,27,0.97,ZW,1707522594
571,sao vicente,-23.9631,-46.3919,29.1,54,85,3.58,BR,1707522595
572,dalnerechensk,45.9339,133.7225,-15.83,95,99,1.07,RU,1707522595
573,kralendijk,12.15,-68.2667,26.99,69,40,6.17,BQ,1707522590
574,east london,-33.0153,27.9116,20.7,61,65,7.81,ZA,1707522449
575,kalevala,65.2,31.1667,-12.73,84,100,2.24,RU,1707522595
576,conceicao da barra,-18.5933,-39.7322,22.77,93,23,2.49,BR,1707522595
577,daye,30.0833,114.95,6.21,77,2,2.37,CN,1707522595
578,urzhar,47.093,81.6294,-3.3,79,54,1.91,KZ,1707522596
579,greymouth,-42.4667,171.2,15.59,66,99,3.25,NZ,1707522462
580,lieksa,63.3167,30.0167,-12.15,96,100,1.97,FI,1707522596
581,altai,46.3722,96.2583,-12.26,48,25,1.32,MN,1707522596
582,lospalos,-8.5186,127.0025,26.52,75,73,4.61,TL,1707522596
583,toksovo,60.1532,30.5165,-12.45,86,98,0.82,RU,1707522596
584,saldanha,-33.0117,17.9442,18.25,83,0,6.83,ZA,1707522596
585,kongolo,-5.3833,27.0,22.23,95,99,0.39,CD,1707522596
586,morant bay,17.8815,-76.4093,27.79,76,6,4.9,JM,1707522597
587,kondrovo,54.8064,35.9278,-17.73,100,73,0.79,RU,1707522597
588,dzuunharaa,48.8523,106.4579,-16.75,86,53,2.18,MN,1707522473
589,coquimbo,-29.9533,-71.3436,18.85,88,40,3.6,CL,1707522309
590,kachug,53.9606,105.8817,-13.3,97,100,0.89,RU,1707522597
591,shushenskoye,53.325,91.9356,-5.61,85,100,2.37,RU,1707522597
592,moratuwa,6.773,79.8816,22.01,89,49,2.63,LK,1707522598
593,crane,31.3974,-102.3501,16.55,21,100,2.23,US,1707522470
594,thoubal,24.6333,94.0167,5.53,71,2,0.15,IN,1707522598
595,imperatriz,-5.5264,-47.4917,23.5,98,100,0.99,BR,1707522598
596,virginia beach,36.8529,-75.978,12.79,67,100,3.09,US,1707521843
597,paita,-5.0892,-81.1144,25.99,84,58,5.68,PE,1707522598
598,fort st. john,56.2499,-120.8529,-7.06,73,75,2.06,CA,1707522306
599,black river,18.0264,-77.8487,21.42,80,30,1.06,JM,1707522598
600,terrace,54.5163,-128.6035,-1.55,86,100,0.0,CA,1707522599
601,yorkton,51.2167,-102.4677,-3.09,86,100,4.12,CA,1707522599
602,sao joao da barra,-21.6403,-41.0511,26.05,84,4,3.8,BR,1707522599
603,nikolayevsk-on-amure,53.1406,140.73,-17.0,94,82,1.27,RU,1707522599
604,ola,59.5833,151.2833,-26.6,82,24,3.3,RU,1707522599
605,mahanoro,-19.9,48.8,23.52,100,100,0.78,MG,1707522599
606,cheremukhovo,60.3484,59.9851,-9.54,93,100,2.85,RU,1707522599
607,sen monorom,12.45,107.2,19.5,71,8,5.2,KH,1707522599
608,tuy hoa,13.0833,109.3,22.33,88,98,3.89,VN,1707522600
609,seminole,28.7086,-81.2081,23.2,69,100,2.57,US,1707522601
610,lockwood,45.8191,-108.4149,0.79,79,100,7.72,US,1707522601
611,mermoz boabab,14.7065,-17.4758,23.31,88,0,4.12,SN,1707522601
612,souillac,-20.5167,57.5167,26.21,78,75,4.12,MU,1707522601
613,habra,22.8344,88.6275,13.94,50,1,2.56,IN,1707522602
614,brookings,44.3114,-96.7984,-0.53,89,100,6.69,US,1707522469
